Id,LotArea,OverallQual,YearBuilt,GrLivArea,TotalBsmtSF,GarageCars,FullBath,BedroomAbvGr,SalePrice
1,9375,6,1924,2083,887,3,2,2,110949
2,19767,9,1919,1689,1286,2,2,5,169061
3,6240,8,1940,1240,1480,3,2,1,114386
4,7417,7,1976,2149,1695,2,2,3,155324
5,12740,5,1961,2198,1083,2,2,3,95569
6,10508,5,1934,1631,1209,1,1,2,73301
7,8061,3,1944,1545,1140,2,2,3,69437
8,7952,8,1960,853,320,3,1,4,101727
9,18503,7,1884,1211,894,1,2,4,109894
10,8224,7,1944,1895,896,1,3,3,129549
11,5702,2,1948,1236,832,2,2,3,51234
12,6195,10,1939,786,1038,1,2,3,139916
13,13279,8,1969,3262,960,3,3,2,208762
14,29357,5,1996,783,623,3,2,4,78082
15,7310,5,1973,2643,990,2,1,4,110174
16,27815,5,2003,1361,775,1,1,3,86347
17,9448,6,1973,1472,0,2,2,6,83050
18,8259,7,1890,1178,442,2,2,2,94310
19,6026,6,1953,1906,1096,4,2,3,128719
20,8604,6,1894,795,1537,2,2,3,80780
21,6509,7,1954,594,0,2,3,3,97737
22,6253,4,1980,2320,674,2,1,3,77394
23,4158,6,1946,1113,1246,4,2,3,101060
24,22973,6,2000,1888,1443,2,1,4,127817
25,16175,6,1959,972,872,2,2,4,88683
26,10881,8,1925,1869,756,1,1,3,137421
27,8839,5,1960,2356,1593,2,2,4,107258
28,9473,7,1936,1251,1407,2,1,3,127401
29,6441,7,1947,548,1434,2,2,4,97249
30,5389,3,1931,2359,851,2,2,2,73699
31,13599,7,1964,1978,1547,2,2,3,125095
32,8332,5,1920,1278,201,1,2,3,61333
33,11180,3,1906,1406,1554,0,2,3,52085
34,4137,9,1973,959,1027,2,2,3,121010
35,8113,10,1882,2225,1113,2,2,3,176100
36,5336,8,1970,1247,641,0,1,2,76696
37,12101,6,1981,805,258,2,2,3,84899
38,15625,4,1945,1621,1104,3,1,4,86493
39,19710,7,1880,1084,1299,2,1,4,102189
40,6936,6,1874,999,1366,2,2,3,80578
41,5405,4,1956,1299,1318,2,2,0,86745
42,7705,7,1897,1558,1218,2,2,4,110295
43,6696,3,1943,824,650,1,2,2,47620
44,11785,9,1919,2207,1394,3,1,2,185907
45,4711,5,1988,1853,601,1,1,0,81692
46,3951,7,1883,1332,1544,2,2,3,89533
47,7989,6,2004,1063,1020,2,2,3,89944
48,13660,7,1919,1470,1034,2,1,3,107100
49,5683,7,1908,1964,1438,2,2,3,122201
50,14524,5,1915,1887,1497,2,2,4,88044
51,11403,10,1886,2044,1396,1,2,3,158629
52,20587,8,1914,1274,695,2,2,4,123656
53,6360,9,1958,334,1392,4,2,3,144132
54,4254,9,1941,2138,698,3,2,3,165674
55,12814,7,1917,1431,1403,1,1,3,103533
56,10926,9,1979,1848,429,2,2,2,145467
57,10512,4,1994,2349,1015,3,2,3,93728
58,5625,5,1892,2732,695,2,1,3,102803
59,13997,3,1978,1190,1439,2,2,2,60935
60,6921,6,1951,1581,1547,3,3,5,135738
61,10509,6,1918,2198,1144,3,2,6,107827
62,7549,5,1988,1092,1130,2,1,3,77916
63,11341,8,1995,1223,1366,2,2,5,125317
64,5226,6,1896,1220,1550,2,2,3,94958
65,12196,5,1907,1500,1073,2,1,1,94189
66,13198,7,1922,1404,837,2,2,2,87752
67,10067,4,1886,1218,1341,1,2,3,68830
68,21611,8,1939,1032,239,2,2,2,108445
69,10536,4,1892,1920,1457,1,1,5,77066
70,15039,10,1890,2183,744,2,2,3,187128
71,9949,8,1905,2256,951,2,3,3,154070
72,14382,5,1949,1274,1460,2,2,4,78115
73,4413,1,1996,1941,874,2,2,3,52628
74,9657,8,1988,1633,1341,3,2,3,190546
75,5407,7,1923,1229,1558,0,1,3,92517
76,10191,8,1898,1882,1105,2,2,3,149809
77,11511,8,1906,1206,1194,3,2,3,126918
78,14225,4,2007,1326,1004,2,2,3,70041
79,12136,6,1977,826,1107,2,1,3,87767
80,8027,4,1873,1282,565,3,2,5,61121
81,6517,8,1948,1641,927,1,2,4,111749
82,2944,7,2003,2299,490,2,3,3,128610
83,9832,6,1961,1338,661,2,1,3,94113
84,16780,3,1960,995,175,1,0,3,48350
85,10029,6,1965,2263,1173,3,1,5,115302
86,9105,6,1878,1262,1801,3,2,3,109795
87,10204,8,1966,640,856,2,1,3,96853
88,7825,7,1979,1581,1481,1,1,4,113221
89,10472,9,1945,1352,1552,1,1,5,129942
90,7758,6,1910,2665,529,2,2,3,136323
91,6060,4,1942,1752,624,0,1,3,60162
92,9148,8,1927,1441,1492,2,2,3,144090
93,9049,8,1913,1052,1016,2,1,1,111270
94,24261,7,1907,1680,489,2,2,3,107581
95,6349,8,1955,2243,776,2,2,4,176863
96,8772,7,1989,1670,1241,2,2,3,132945
97,8355,7,1878,1091,707,1,3,2,96406
98,7594,6,1925,1784,0,2,3,2,105076
99,12278,2,2000,1490,915,2,2,3,54066
100,29086,4,1991,1739,950,2,2,3,78181
101,8092,3,1977,1337,1061,2,2,4,69922
102,12295,7,1918,1325,1610,2,3,3,119798
103,3651,6,1994,1306,1080,4,2,2,110239
104,7803,7,1990,1986,1163,2,2,3,124118
105,20674,9,1989,1330,1521,1,2,3,143485
106,9242,5,1892,1285,1061,2,2,3,79394
107,12212,6,2008,1043,1997,2,1,4,80340
108,6958,8,1897,1742,500,2,1,2,133904
109,10805,5,1880,1670,645,3,2,4,90027
110,21491,4,1886,1290,1327,2,1,3,83424
111,5318,5,1881,1160,1608,3,2,3,77163
112,28348,5,1993,2453,968,3,1,5,99360
113,4385,9,1992,574,612,1,2,3,102191
114,7452,8,1996,1761,1831,2,3,3,167422
115,6254,7,1943,2160,708,2,2,3,112250
116,8290,8,1920,334,1206,1,2,3,82674
117,6214,8,1962,1912,1635,2,1,4,142848
118,5983,5,1908,1404,862,2,1,4,74518
119,5248,9,1939,1643,783,1,2,4,137191
120,13109,7,1921,1353,813,2,2,3,103713
121,8434,8,1890,2052,1453,2,2,3,151486
122,7400,9,1971,1696,1523,1,3,3,172234
123,10939,6,1931,1580,1071,2,3,4,94637
124,4499,4,1960,1065,1885,2,3,1,87332
125,11072,5,1940,2456,1071,2,2,3,93405
126,9064,6,1920,1519,1625,1,1,4,94562
127,9205,8,1979,2659,866,3,2,3,197765
128,12315,8,1990,2478,2083,2,2,3,171764
129,21607,1,1908,625,1747,1,1,4,42590
130,11164,7,1882,1187,1000,2,2,3,98584
131,8596,6,2009,996,1688,2,1,3,95000
132,5259,5,1949,1490,1665,2,2,4,74794
133,2874,4,1948,1608,1740,2,2,3,82632
134,10127,6,1873,1629,0,2,2,4,91189
135,5060,9,1935,2042,1373,1,2,3,170790
136,2667,6,1906,2261,1295,1,2,3,114592
137,7971,7,1878,1998,1264,2,2,3,122856
138,10708,7,1956,1234,1153,2,2,5,107532
139,13783,6,1938,1123,1166,2,3,3,86605
140,16149,10,1913,1516,1621,2,2,3,202378
141,14719,10,1989,1728,1294,2,3,1,207753
142,14918,5,1996,1423,1152,2,1,3,72500
143,4559,7,1895,842,1558,2,2,3,100840
144,8815,6,1917,1856,1240,1,1,2,97543
145,12695,5,1890,1318,1282,3,1,3,81611
146,9722,3,1939,1303,1878,2,2,3,69666
147,8790,7,1973,1487,865,2,1,4,96795
148,9634,7,1913,1395,390,2,2,3,90647
149,10740,3,1903,1331,1088,2,2,3,60722
150,9141,5,1980,874,1151,3,2,3,84198
151,6222,9,1907,1458,1374,0,2,4,132136
152,4054,5,1968,1866,1104,3,2,4,100455
153,8578,4,2002,1647,1389,2,1,3,84205
154,9777,6,1944,1989,2159,2,2,4,127555
155,9723,10,2007,1150,1409,2,2,2,150352
156,15298,5,1968,875,1487,3,2,2,92705
157,16719,7,1994,1392,1000,0,2,3,101366
158,9018,8,1941,1207,447,2,2,4,127687
159,9050,5,1884,1259,45,3,2,3,81233
160,12652,8,1920,1620,828,2,2,4,115010
161,11758,6,1931,1263,0,0,1,3,65284
162,7614,7,2001,889,1282,2,2,3,87301
163,13207,7,1876,1235,888,2,2,3,107168
164,8829,7,1898,1685,479,2,1,4,116448
165,8923,4,1879,1850,1114,2,2,1,67912
166,11799,8,1921,1845,732,2,2,3,152496
167,8171,6,1938,1727,1255,1,2,3,100662
168,9960,5,1915,1430,1368,2,1,4,75211
169,11023,3,1996,1717,748,2,2,3,70498
170,14294,7,1929,1493,952,2,1,3,97742
171,13809,7,1874,1571,1151,2,3,3,123993
172,10857,2,1957,1045,437,2,1,5,46945
173,2577,7,1941,1536,1151,2,2,4,113300
174,10729,5,2001,1704,427,2,2,4,79614
175,11591,7,1873,1685,1305,2,2,3,110680
176,12829,5,1973,871,865,2,1,3,74388
177,5890,7,1906,1563,424,2,2,5,98116
178,3287,6,1969,793,801,2,2,3,82079
179,14216,9,1901,1601,820,0,2,3,128258
180,5150,4,1987,1164,1527,0,2,3,61755
181,17503,6,1879,2367,1133,1,2,4,120699
182,7113,4,1915,1574,636,2,3,3,75302
183,5684,9,1907,1915,1782,3,1,3,169364
184,11314,8,1948,2570,1332,2,1,4,149463
185,12927,5,1902,1106,909,2,2,3,84558
186,12548,7,1918,1732,373,1,1,3,91418
187,12208,8,1926,922,870,1,3,6,115038
188,6668,7,1977,1687,959,2,2,5,114874
189,4427,7,1992,2397,1219,2,2,4,169920
190,7818,5,1926,1201,1324,2,1,4,73382
191,5357,4,1883,1072,1411,1,1,3,67395
192,11793,9,2007,1469,347,1,2,4,131213
193,14708,9,1874,2537,1148,0,3,3,157402
194,10356,7,1901,1900,986,1,3,4,120362
195,9495,6,1894,1062,2235,2,1,4,96782
196,8134,6,1963,2242,1085,1,1,3,99397
197,15509,8,1986,687,783,2,1,4,104237
198,3804,9,1975,2583,1105,2,2,4,199615
199,5197,9,1989,1943,1053,3,1,3,171846
200,23680,8,1876,2396,181,3,0,3,137850
201,5072,7,1975,691,1236,2,1,2,87877
202,12389,4,1979,1599,920,0,2,3,65910
203,13731,5,1936,1448,1045,2,3,3,98957
204,3626,9,1992,1011,672,2,2,3,117735
205,3991,7,1901,866,575,0,1,4,74612
206,17879,1,1955,1768,1443,2,2,6,49851
207,5840,4,1903,1813,1544,3,2,3,94622
208,5920,7,1887,2164,1240,2,1,3,129635
209,7321,1,1909,1263,260,0,1,3,42156
210,5847,5,1907,1444,1269,0,2,5,76622
211,12359,7,1985,823,266,2,1,3,83829
212,5260,7,1937,2285,766,1,1,4,97910
213,3555,7,1976,1549,1437,2,2,5,119071
214,16936,5,1956,1876,1346,2,2,3,96485
215,5391,8,1873,1893,1258,1,2,4,128728
216,6522,5,1946,2244,1634,3,2,4,108145
217,14385,6,1938,1099,1303,2,2,5,90325
218,9839,8,1926,1863,168,1,2,3,101354
219,16567,7,1877,1502,894,2,0,3,91797
220,14495,8,1957,2567,1038,2,3,4,155211
221,7572,7,1931,1097,987,2,1,3,102773
222,15835,7,1972,2100,785,3,2,3,129550
223,10331,4,1883,1690,603,2,2,2,83836
224,7043,6,1920,1663,2113,3,2,2,114381
225,10984,5,1913,1542,885,2,3,3,105944
226,4936,5,1953,2188,2091,2,2,3,94245
227,14414,10,1906,1646,554,4,2,3,197779
228,13508,6,2005,752,1346,2,2,3,88747
229,10089,9,1938,2124,1158,1,3,3,148187
230,3640,7,1951,2033,651,2,3,4,118528
231,16919,8,1878,1808,851,2,3,3,137931
232,11820,7,1885,950,1050,1,2,3,92350
233,9391,7,1944,1028,685,3,2,3,97686
234,8679,7,1937,576,944,1,1,3,81689
235,7264,5,1962,1745,16,1,2,3,76410
236,7996,8,2001,840,1370,3,3,3,139639
237,13955,5,1891,655,1596,2,2,3,70423
238,7336,2,1881,2152,1256,1,3,3,63007
239,8282,7,1896,1899,2053,2,2,4,147339
240,8912,5,1896,1348,1357,2,1,2,75637
241,9035,9,1925,1447,1559,1,1,4,116523
242,6975,9,1904,334,1601,4,2,1,132406
243,8724,9,1966,1973,0,2,1,5,117754
244,11279,6,1885,1168,1243,2,2,3,105116
245,6042,2,1936,1680,448,2,3,3,58052
246,8745,9,1981,334,537,2,2,3,105268
247,24947,6,1951,2003,613,2,2,1,119360
248,9204,10,1925,1138,919,2,0,3,127736
249,5966,10,1996,826,1343,2,2,2,146362
250,5627,8,2002,1345,1247,2,2,3,118934
251,5046,6,2005,1216,1051,0,2,3,68682
252,21431,6,1896,2052,1374,2,1,4,110679
253,15725,8,1988,1304,1401,2,2,3,141635
254,4985,6,2007,2196,1251,1,1,4,102746
255,10571,5,1896,1680,298,0,3,3,79371
256,17526,7,1950,1962,731,2,1,2,108342
257,9309,9,1939,1513,1068,2,1,3,130269
258,7429,7,1883,2151,1379,1,0,3,98043
259,29129,7,1903,938,472,2,2,3,100666
260,3664,4,1999,1571,1052,2,2,3,74944
261,35430,7,1967,1316,368,2,2,4,105103
262,9789,10,1963,2213,1508,2,2,4,212744
263,18110,4,1902,2264,1163,2,2,3,88421
264,5212,7,1949,1515,464,2,2,5,111838
265,6609,8,1891,869,461,3,2,5,110377
266,5536,8,1931,1728,1227,3,1,4,132969
267,9032,7,2005,682,1661,2,2,3,89233
268,11080,7,1964,2328,574,2,2,3,136415
269,16194,6,1914,1278,1403,2,2,3,100235
270,4037,6,2001,1499,818,1,2,3,91023
271,10275,8,1931,1174,1419,1,1,3,111050
272,14861,8,1902,1064,1357,2,1,3,109210
273,16319,8,1876,1883,1125,1,3,3,133894
274,7621,9,1881,1435,249,1,1,1,111243
275,7669,7,1960,1536,1356,4,1,4,141907
276,9072,7,2001,1013,1277,1,1,2,90623
277,10426,8,1997,1943,1237,1,2,3,128078
278,18221,7,1882,1993,1143,1,1,4,122507
279,5187,7,1927,1410,670,2,2,2,115388
280,6411,8,1954,2148,1533,2,2,3,156154
281,4882,9,2008,1462,1452,2,3,4,155111
282,11765,6,1970,1904,583,2,1,3,95943
283,16477,6,1944,703,1635,2,2,3,88936
284,4668,4,1986,1691,1114,3,2,3,80149
285,9930,7,1878,1379,1113,3,2,3,121168
286,15891,3,1951,1592,979,3,2,3,85111
287,14063,6,1968,1570,1022,2,2,2,107323
288,13980,7,1875,1577,1660,1,1,3,96521
289,5240,5,1875,1822,1511,1,2,3,89766
290,13957,7,1974,1232,1502,0,2,4,96690
291,8656,3,1911,1799,1138,2,1,3,69769
292,16222,3,1888,2131,1448,2,2,4,73977
293,11892,8,1972,809,689,2,2,3,107239
294,6318,6,1974,1124,1313,0,1,4,79920
295,10921,4,1995,1145,989,2,1,3,61998
296,14304,7,1923,968,150,3,1,3,91148
297,7375,8,1923,1277,359,2,2,3,109232
298,10131,5,1995,2031,765,2,1,4,97780
299,4869,7,1934,2238,1239,2,1,3,137484
300,12500,4,1987,1568,765,3,1,3,67524
301,9236,3,1933,1352,796,2,2,3,67700
302,15004,7,1878,1916,1392,2,2,4,137564
303,12326,7,1963,334,812,1,2,3,86520
304,7750,7,1885,987,1642,0,1,3,80508
305,6222,8,1957,354,1569,2,3,4,105932
306,5546,10,2004,982,1066,1,2,3,120992
307,7371,7,2001,1131,1388,3,3,5,101807
308,14803,6,1933,2253,1328,2,2,4,116104
309,3947,8,1950,334,948,3,2,3,104782
310,5660,5,2009,1306,1436,2,2,3,87828
311,14596,6,1929,1824,1500,2,1,4,112179
312,18462,4,1991,1720,637,3,2,3,109982
313,5810,2,2004,2245,1124,2,2,6,65620
314,5628,10,1936,1595,1119,2,2,3,153958
315,19199,8,1884,1702,1430,1,3,2,143247
316,8930,7,1953,595,861,2,2,2,92583
317,6074,6,2010,1020,793,2,1,3,79012
318,16016,5,1923,623,1131,2,1,5,72865
319,12219,5,1988,1801,1576,2,2,0,95829
320,13730,5,1897,1689,529,2,2,4,83523
321,6234,7,1905,1671,606,2,1,3,102862
322,11458,8,1923,1074,827,2,1,4,98996
323,17715,7,1983,1028,906,2,2,3,89897
324,13087,5,1953,1619,280,3,2,4,90694
325,15047,9,1913,1180,1716,2,3,2,172497
326,19160,8,1892,1004,999,2,2,4,123146
327,11764,7,1913,1260,933,2,2,3,113586
328,7161,7,1984,1184,1770,3,2,3,114536
329,14729,6,1976,1081,1372,2,3,4,100461
330,5465,5,1888,902,821,2,2,3,64074
331,8500,6,1991,1739,1129,2,2,3,106958
332,12747,8,2008,2293,1038,2,3,4,181389
333,1901,2,2000,1495,1694,1,3,3,67237
334,10778,4,2001,1626,983,2,2,3,92919
335,11035,3,1931,1783,422,2,1,3,68487
336,5383,3,1919,1698,231,4,1,2,73494
337,11181,8,1900,1091,1706,2,1,3,125811
338,10446,7,1968,2374,710,2,1,2,134304
339,9662,6,1881,1136,1351,1,1,4,74766
340,17218,4,1929,1839,1088,3,2,2,80895
341,14742,7,1892,1780,873,3,2,3,135909
342,13082,6,1899,535,942,1,2,2,86397
343,5692,5,1905,1335,1753,1,1,2,83274
344,9417,6,1879,1543,419,2,2,3,78481
345,17175,6,1950,1581,886,2,2,3,96741
346,8533,7,1958,1665,1455,2,2,2,120266
347,20664,7,1959,1893,492,1,3,0,103287
348,13275,3,1940,1511,1636,2,1,2,61457
349,22333,6,1958,1692,1449,2,1,4,104503
350,5571,7,1972,1492,1176,2,2,3,115091
351,8793,7,1879,1006,835,2,1,2,85341
352,9218,8,1948,1531,435,2,2,3,107682
353,12863,7,1958,1889,1368,2,2,4,139000
354,6566,5,1914,2069,2266,2,1,4,99059
355,4252,4,2000,1783,1121,1,1,5,68621
356,11477,7,1980,2182,253,2,2,3,116825
357,7909,2,1888,1724,1258,2,2,2,58215
358,7507,7,2004,1946,1435,0,2,3,122757
359,6718,9,1892,1983,653,0,1,4,113247
360,10107,7,1929,1403,772,1,1,5,92749
361,5544,6,1981,1878,728,2,1,3,98320
362,8620,7,2010,1044,823,3,1,3,88732
363,6277,6,2006,1689,981,0,2,3,89142
364,7005,7,1899,1803,678,3,1,3,102750
365,11338,9,1922,2040,513,1,2,3,150234
366,13157,6,1876,1925,1133,3,2,3,106144
367,8151,10,1876,2047,976,2,1,1,182655
368,15412,9,1965,1465,865,2,2,3,139884
369,5841,5,1967,1342,1093,2,3,3,83001
370,4443,3,1879,1377,388,2,2,2,60114
371,4870,4,1935,1648,1172,3,2,2,75774
372,5548,2,2009,610,874,2,2,3,47278
373,4927,4,1909,2180,1162,2,2,4,91515
374,26098,7,1982,1536,1232,1,2,4,121275
375,4376,4,1983,1307,1554,1,3,1,72573
376,15180,6,1952,334,1102,2,2,3,75954
377,9381,8,2007,1496,1526,2,2,3,120693
378,10629,2,1975,1415,915,2,3,3,56700
379,6040,8,1944,1066,936,2,2,4,99015
380,11178,5,1920,1178,1016,3,2,4,88778
381,6015,4,1907,1501,1397,2,1,3,78107
382,15069,7,1997,1220,1334,2,2,6,104628
383,15706,7,1939,1800,1116,2,2,5,110211
384,8880,8,1949,1140,516,2,2,4,113186
385,9176,8,1976,1592,1326,2,3,3,132207
386,11794,8,1993,2105,677,2,2,3,151181
387,11497,5,1990,1496,654,2,2,3,98641
388,15853,5,1985,1692,556,3,1,1,86555
389,15630,8,1881,1661,1020,1,2,3,114425
390,9363,8,1962,1518,1590,0,2,4,101852
391,7483,10,1873,1481,632,3,2,3,168292
392,14254,6,1989,1229,1795,2,2,4,102128
393,8785,6,1884,1590,1457,2,2,2,101094
394,10055,8,1966,1373,412,2,1,3,111626
395,12384,6,1903,2288,888,2,1,4,99222
396,15472,9,1903,1920,599,2,2,3,133914
397,10823,8,1995,788,1349,1,1,2,95502
398,7082,6,1882,816,622,3,2,6,71162
399,23331,8,1881,1449,343,3,2,4,119971
400,20418,8,1886,1317,913,1,2,3,115991
401,5710,4,1888,1423,1571,3,1,4,78187
402,6021,9,1930,1840,972,3,2,4,142281
403,6412,7,1949,1672,1232,2,2,4,126414
404,14520,8,1995,1667,1249,2,2,4,135473
405,23780,6,1985,2238,391,2,2,2,104063
406,7375,9,1893,820,661,2,1,3,108638
407,10339,6,1903,1566,1059,2,2,0,97158
408,6520,2,1984,1225,811,3,3,2,57776
409,22228,9,1991,2232,1806,2,2,4,204644
410,14349,4,1993,410,516,2,3,3,55973
411,6290,6,1903,432,656,1,2,4,67750
412,3320,9,1990,1667,1184,0,1,4,109446
413,15959,9,1910,2078,780,2,1,5,150464
414,7135,7,1883,1901,0,0,2,4,92425
415,14478,7,1889,1114,1908,2,2,3,114210
416,11002,6,1997,2268,584,2,1,3,108481
417,3796,6,2007,899,1303,2,2,3,86755
418,6346,6,1917,2168,505,2,2,3,97233
419,7958,7,1975,965,677,2,2,3,88483
420,6776,8,2006,1339,342,2,2,3,118564
421,10068,8,1957,1834,730,0,2,3,102875
422,11611,8,1960,781,773,1,2,5,85913
423,23242,4,1893,2249,998,2,2,4,101213
424,12029,7,1963,1336,893,3,2,3,114214
425,20022,3,1900,1583,422,1,2,3,62926
426,7484,7,1884,2096,826,2,1,2,125448
427,17011,6,1873,1118,1693,4,0,3,102814
428,7851,9,1900,2045,1641,2,2,4,163703
429,6006,6,1898,2335,1257,1,2,3,105496
430,5880,4,1921,1187,1348,3,3,4,91759
431,2535,4,1966,2199,1963,1,2,3,84219
432,14560,8,1959,634,1308,2,2,3,111767
433,4983,7,1915,1709,1340,3,3,3,141777
434,19208,4,1893,900,368,2,2,3,64137
435,8707,4,1968,1986,567,2,2,3,88017
436,4366,7,1874,1945,1042,2,1,4,108539
437,5432,4,1989,2553,701,2,2,4,96473
438,10450,8,1890,2225,617,2,2,3,122318
439,3711,7,1894,1432,668,2,2,4,113246
440,12759,4,1901,974,430,3,2,3,74914
441,4450,4,1910,1797,708,3,3,5,82995
442,6565,10,1979,1484,1206,3,2,3,187959
443,10492,6,1982,2290,1847,2,2,4,136524
444,12002,6,1896,431,1407,2,1,3,69961
445,14156,8,1999,2609,1336,3,2,3,184718
446,4943,9,1982,1780,342,3,0,3,126648
447,8142,10,2007,1108,1109,2,2,3,169508
448,16408,8,1977,1881,1027,1,1,3,133661
449,8143,6,1943,2163,1184,1,2,3,103519
450,11005,4,2000,1572,898,2,1,6,69237
451,10303,8,1979,632,1788,2,1,4,106823
452,18208,7,1876,1368,1080,3,2,4,109425
453,7525,6,1874,2034,1123,2,2,4,105771
454,4741,9,2003,1763,193,1,1,5,112158
455,5855,4,1975,1436,1010,2,2,3,79797
456,10440,7,1935,2169,1562,2,2,3,149425
457,4334,2,1977,1884,1301,1,2,4,63875
458,7236,6,1969,1923,108,2,1,4,84047
459,9865,3,1881,1309,859,2,2,3,60445
460,6475,4,1999,1261,1819,2,1,3,77934
461,11186,4,1917,665,990,2,2,3,66426
462,13646,7,1937,1385,1198,2,1,5,90023
463,11926,8,1983,1982,1769,2,2,3,164597
464,4382,7,1884,1412,988,3,1,5,96444
465,9883,10,2008,1737,1405,0,3,4,161259
466,10278,6,1957,2070,1238,2,2,3,126264
467,7852,5,1961,1701,1332,2,1,3,96513
468,11111,8,1929,1750,1223,3,1,3,156972
469,10913,5,1925,836,816,2,3,1,71600
470,9078,10,1883,1353,859,2,2,2,145590
471,5749,2,1885,2378,680,2,2,4,62773
472,9374,10,1992,1566,335,1,3,3,151816
473,24161,3,1992,2463,1604,3,3,3,106732
474,7807,9,1891,1153,1061,2,2,3,145956
475,16037,7,1946,1631,1582,2,1,5,107263
476,9686,10,1941,1323,1745,2,2,3,161944
477,6365,4,1927,1810,1080,3,1,4,91645
478,8190,7,1972,1962,479,1,2,3,98852
479,9420,10,2003,1816,970,2,2,3,189515
480,13182,7,1982,2035,761,2,2,1,126659
481,31227,7,1996,1508,185,2,2,3,114942
482,9763,7,2003,1419,836,2,2,3,102688
483,5133,6,1891,635,1025,2,3,3,87541
484,4153,7,2009,1834,773,2,1,3,106085
485,7693,7,1895,1601,717,3,2,3,104854
486,5404,9,1908,1481,494,1,2,4,126834
487,12556,3,1925,1419,1143,2,3,4,56376
488,12602,5,1974,1496,1879,1,1,3,80016
489,8831,9,1909,1396,1619,0,1,3,122995
490,13196,9,1875,1250,1344,1,1,6,126818
491,9812,6,1928,1634,1354,2,1,4,107929
492,24169,7,1891,1757,998,2,3,5,143882
493,12992,5,1888,1129,263,0,2,3,69996
494,14866,5,1990,1314,894,0,2,4,71955
495,4605,6,1942,1412,630,3,2,3,107850
496,5289,6,1875,1517,1125,1,2,2,90861
497,12069,7,1885,1450,1599,3,1,4,124726
498,4378,4,1874,1844,1925,1,2,4,74904
499,6952,10,1951,688,1085,2,2,3,143111
500,17132,10,1926,777,323,2,1,2,123374
501,6878,7,2003,1611,1084,3,2,4,122868
502,5188,7,1991,1213,1096,2,2,2,110740
503,13264,6,1895,1957,1355,2,1,2,126758
504,26790,8,1953,2099,1048,1,1,3,139083
505,6340,7,1931,1631,1086,2,2,2,115059
506,17519,5,1920,979,778,2,1,4,67076
507,5957,9,1934,2042,919,0,3,3,153170
508,8980,8,1981,1614,1282,0,1,3,106519
509,9177,9,1980,771,173,2,2,5,115471
510,6425,8,1947,815,917,1,3,3,110076
511,14716,7,1901,2273,1359,2,3,3,159521
512,4399,6,1929,2190,1778,2,2,4,127680
513,10473,9,1988,334,881,3,1,3,104811
514,16254,8,1971,836,1578,3,2,3,112736
515,14116,3,1890,2085,1800,4,2,4,99964
516,12144,2,1965,1505,887,1,1,4,51073
517,20987,6,1984,1865,811,3,1,4,114608
518,8512,8,1934,1484,976,2,2,5,140898
519,4432,10,1987,1842,1020,2,2,4,166993
520,10164,5,1984,1517,1536,2,2,4,101188
521,8921,7,1918,1296,716,0,3,4,86573
522,3298,6,1928,2044,1733,3,2,0,146516
523,5412,10,1989,1616,704,1,2,3,160700
524,5078,8,1916,1841,500,2,2,4,111623
525,6321,8,1875,1593,1287,2,1,3,118852
526,7970,6,1918,1271,1598,2,2,3,113593
527,8124,6,1918,2319,1135,1,3,3,131277
528,6435,5,1949,1692,1248,2,3,3,100486
529,5074,3,1995,1337,1916,3,2,3,78135
530,11473,8,1946,2154,1604,2,2,4,157956
531,10070,8,1974,854,1070,2,2,5,113624
532,10222,10,2008,2633,867,2,1,4,198027
533,23122,10,1961,1425,1538,2,1,4,185395
534,10306,7,1940,880,1421,3,2,3,115064
535,7908,8,1932,2467,1241,2,2,3,147463
536,9010,9,2009,1283,913,2,1,3,139258
537,9981,8,1921,1636,1023,2,2,3,131934
538,12925,5,1874,1873,992,2,1,2,86304
539,9289,6,1978,2107,920,0,2,3,110978
540,3596,4,1984,1664,792,2,2,3,76723
541,7636,9,1965,1191,1173,2,2,3,117428
542,9507,7,1989,1624,772,2,1,5,103651
543,18235,5,1952,1305,1135,2,2,3,92854
544,6413,7,1980,1639,133,2,2,3,97870
545,4194,7,1922,2329,793,2,2,3,138139
546,9810,6,1906,1892,1540,1,2,4,93906
547,14649,4,1917,1618,660,3,2,3,90793
548,7803,7,1940,1884,1317,2,3,2,126018
549,31274,7,1964,1920,697,0,1,3,100245
550,27800,8,1935,976,1398,0,2,5,99982
551,9161,7,1920,1535,926,4,2,3,135941
552,10429,8,1945,2796,908,1,2,4,177484
553,18833,7,1876,2121,1080,2,1,4,122211
554,9082,7,1971,1263,465,0,1,3,81669
555,6355,8,1941,1213,1484,3,1,4,120470
556,14816,6,1961,1196,1630,3,3,3,99417
557,11983,4,1875,1948,898,2,2,3,78223
558,6344,2,1997,2318,1287,0,2,4,54966
559,10923,8,1910,1806,1399,1,2,4,110238
560,8769,7,2000,1593,1016,2,1,3,109164
561,7836,7,1895,1292,569,2,2,4,94668
562,6413,5,1928,1679,1758,2,2,4,104961
563,10094,4,1971,1104,884,0,2,5,53788
564,8317,2,1941,547,788,2,2,3,48456
565,10953,6,1912,2333,1778,2,2,5,130350
566,14313,7,1931,1012,1325,2,2,3,116162
567,10666,6,1979,1352,1170,0,1,2,78731
568,10757,6,1928,1843,629,4,3,4,137716
569,7247,9,1902,2232,1410,2,3,4,188651
570,17089,6,1955,1643,2331,2,2,3,129556
571,6215,7,1907,918,1444,2,1,3,115501
572,4243,8,1979,1364,1275,0,1,2,101981
573,5561,6,1977,1175,1374,2,3,3,100483
574,15933,7,1957,1495,912,2,2,3,109584
575,11950,8,2006,2130,908,3,2,3,181468
576,18306,9,1885,334,902,2,1,3,130727
577,4902,4,1991,1309,804,2,1,5,70088
578,30307,9,2009,1272,901,3,2,3,140526
579,8243,7,1951,886,899,2,2,4,88663
580,3939,5,1977,1807,949,4,3,5,120393
581,28479,6,1941,807,937,4,2,3,94450
582,4934,10,1915,865,1163,1,2,1,127549
583,7786,7,1944,1940,1091,2,1,2,112421
584,8571,6,1916,2265,1130,2,1,4,108449
585,11861,7,1978,1476,1726,2,2,3,123653
586,6395,5,1955,906,1090,2,2,3,64942
587,15973,4,1953,1162,2029,3,1,3,72298
588,13847,4,1978,2019,1212,2,3,3,82325
589,9591,4,1892,1573,860,1,2,3,61458
590,18420,5,1878,1464,1650,1,1,5,78859
591,9183,4,1941,1671,1022,2,1,3,75632
592,8276,7,1998,1496,3,1,1,5,95139
593,25799,5,1991,2287,1055,2,3,5,117727
594,11013,6,1999,1140,947,2,1,3,83287
595,5803,9,1928,1083,1763,2,2,3,142509
596,6209,6,1929,823,662,0,2,4,73668
597,9590,7,1892,1245,910,2,1,4,94985
598,2864,5,1953,969,1614,1,1,3,68366
599,6922,5,1940,1624,1230,2,1,6,76561
600,9034,3,2002,1525,981,2,2,1,64557
601,8738,5,1958,975,724,2,1,3,74888
602,5066,5,1920,1809,1211,2,1,3,87410
603,7591,5,1986,2273,1044,1,2,3,111090
604,17136,4,1960,1693,719,2,1,2,71541
605,15453,4,1956,334,742,1,2,3,56962
606,9965,6,1999,2508,698,2,2,1,126812
607,9178,5,1988,1888,620,1,2,3,83495
608,8762,6,1998,2493,1467,2,2,4,123550
609,10691,7,1942,2060,1408,3,1,4,140797
610,9999,7,1957,2160,1468,2,2,4,140212
611,11171,3,1904,1617,1058,2,2,3,68927
612,12209,8,1952,1383,950,2,2,3,128532
613,5184,7,1932,1701,958,0,0,2,89008
614,8134,4,1932,1160,1506,3,3,3,72904
615,10488,8,1969,1731,256,1,1,3,110606
616,5861,9,1899,334,830,4,2,4,121866
617,6782,3,1914,1536,666,2,2,4,73362
618,8519,5,1957,2187,1655,2,0,3,101556
619,8730,8,1888,1562,846,2,2,4,124910
620,10586,8,1969,2378,337,2,2,2,152473
621,6216,5,1969,1383,1155,2,2,3,78093
622,15414,5,1936,2016,894,0,2,4,77620
623,8695,6,1945,1075,811,2,2,3,84863
624,10215,6,1956,1995,766,2,2,3,110461
625,7896,7,1876,1631,749,3,1,4,107347
626,10687,6,1873,1405,1368,2,2,4,92794
627,21909,6,1893,334,1155,1,1,4,62666
628,7859,8,1983,1387,969,2,2,4,123121
629,7235,3,1928,1621,573,2,2,6,63301
630,6272,5,1937,1929,982,1,2,3,88892
631,9220,8,1945,2295,1171,2,2,2,146660
632,9167,9,1969,2532,1188,3,3,3,217967
633,9747,7,1983,2138,1127,2,2,2,122073
634,12006,7,1996,1233,651,2,3,3,107157
635,11272,4,1957,1362,0,2,2,3,68396
636,9393,6,1947,1884,1848,2,2,3,113466
637,25234,7,1959,1774,480,2,2,3,104311
638,13418,5,1909,2329,192,2,1,4,79819
639,5510,5,1930,2754,1114,1,2,1,107891
640,4387,6,2009,2648,305,3,2,3,133745
641,6709,2,1970,2261,702,2,3,4,71274
642,10253,6,1934,1778,1298,2,2,4,111148
643,6433,5,1920,2189,1836,2,2,3,104447
644,6941,6,1903,2345,1227,2,2,1,127745
645,9624,4,2006,1441,863,1,2,3,70917
646,8006,9,1892,1248,1034,2,1,2,122617
647,3412,7,1891,1131,261,2,2,2,96955
648,16279,7,1998,1076,858,3,2,3,115017
649,14494,8,1939,824,859,3,1,3,128612
650,4996,7,1981,1639,1124,2,3,3,136082
651,9774,4,1987,1015,1911,2,2,3,74670
652,5435,7,1991,1123,204,2,3,5,94471
653,7006,7,1950,1865,877,1,2,5,121436
654,12114,8,1987,1605,250,3,2,3,139116
655,14243,6,1963,1729,835,2,3,3,106935
656,14077,4,1885,2197,676,2,2,3,72254
657,10737,5,1996,1947,399,2,2,3,85580
658,17973,6,1929,2274,1458,2,2,3,115971
659,7000,7,1899,1554,1169,4,2,3,130114
660,7822,7,1897,2320,1407,1,2,3,132130
661,2596,6,1984,1694,823,2,2,3,105669
662,9068,10,1937,1599,1025,2,2,3,189280
663,12694,7,2002,2245,1758,2,2,3,156575
664,10956,5,1915,1078,1055,2,2,3,70572
665,6953,4,1968,2526,1412,1,3,3,103671
666,14491,5,1913,1373,785,1,2,4,86249
667,9155,5,1877,905,1372,1,2,3,80819
668,13936,5,1894,1841,815,3,2,3,89134
669,12114,5,1960,1326,222,1,2,3,70359
670,19366,5,1994,2527,1053,2,3,3,128388
671,11256,5,1922,1298,850,2,2,1,75106
672,12887,9,1882,1672,342,2,1,3,115347
673,9142,4,1883,802,1141,3,2,3,71423
674,7387,7,1945,1921,663,2,2,3,111183
675,12141,6,1879,1126,2417,1,3,4,86459
676,20138,10,1912,1861,412,2,2,4,187474
677,6982,4,1956,1300,523,2,3,5,71509
678,8391,6,1943,491,1439,2,2,1,79756
679,9627,10,1926,1580,998,2,3,6,157217
680,13379,8,2008,1558,1430,3,0,4,136034
681,11291,8,1918,1955,1224,1,3,3,144553
682,14996,5,1975,2293,800,3,3,1,122568
683,25488,5,1913,2471,450,2,3,4,96362
684,6902,7,1931,1947,1528,2,1,3,126461
685,12886,9,1883,1654,490,2,1,4,140139
686,11151,7,2001,801,1302,2,2,1,99817
687,9590,7,1878,1616,1461,2,1,3,121219
688,12862,5,1951,1622,1001,3,1,3,85911
689,8313,8,2002,1415,923,3,1,3,143026
690,11165,5,1980,1831,624,3,2,2,99877
691,4946,6,1874,2075,1260,1,2,3,97562
692,7256,6,1898,1105,0,3,1,2,80595
693,16039,7,1985,1098,1371,2,1,3,112490
694,15734,5,1978,1445,1109,1,2,3,83015
695,10815,4,1911,1207,958,1,2,4,67311
696,7574,7,2000,694,1163,1,1,4,90769
697,14352,5,1879,1016,452,0,2,2,59981
698,17628,7,1972,898,0,2,3,3,96821
699,7729,5,1995,2119,1263,4,3,3,123575
700,4589,6,1978,2366,1636,2,3,4,141641
701,11891,7,1972,967,291,2,2,4,89941
702,15001,3,1875,1788,593,3,2,3,73305
703,12743,6,1981,1951,1388,1,2,2,128361
704,20776,4,1890,768,1214,3,2,4,79292
705,20820,3,1903,1595,2360,2,2,4,72102
706,8154,10,2008,2781,1530,2,2,4,248262
707,10493,6,1883,1853,1424,2,2,4,113543
708,7411,8,2010,1392,720,2,2,3,111727
709,5698,5,1917,1234,1287,1,1,3,71109
710,5868,7,1990,503,1714,2,2,3,89254
711,13596,8,1887,1750,984,2,1,3,104535
712,11053,7,2000,2488,1005,3,1,3,144024
713,14824,6,1934,1108,1119,2,0,3,79877
714,33686,6,1980,547,764,1,2,3,71120
715,12197,6,1990,1182,1175,2,1,3,90107
716,6406,9,1892,1955,1164,1,3,3,129581
717,15940,8,1884,1300,1708,2,2,2,132127
718,6347,10,1875,1104,973,3,2,3,158158
719,22770,4,1973,1524,1353,2,2,4,86119
720,3545,8,1930,1629,986,0,2,4,94538
721,7228,9,1999,820,1338,2,2,3,154066
722,12966,5,1898,1406,946,2,2,3,95902
723,17116,3,1940,1266,1309,3,2,2,68139
724,6772,8,1896,1194,1377,0,3,4,119931
725,6185,7,2002,1006,587,2,2,3,103377
726,10231,8,1968,1985,1542,2,2,3,145108
727,24674,4,1896,1192,983,1,1,4,60066
728,4402,8,1997,517,850,2,2,3,96466
729,8119,5,2004,1647,744,2,2,1,112061
730,10819,5,1880,1877,1188,3,2,3,113029
731,6380,5,1987,1116,1054,3,2,3,84824
732,6369,8,2005,1235,1220,2,2,3,122197
733,8453,7,1931,1190,1228,2,2,4,111910
734,10997,7,1992,1341,1324,1,1,3,105947
735,8617,6,2010,2068,2278,4,1,4,131066
736,19768,8,1979,1457,1074,4,1,3,150715
737,12776,6,1979,1934,733,3,3,3,116425
738,11506,8,2002,1030,168,2,2,3,108998
739,15880,6,1947,1323,531,2,2,3,91167
740,11607,6,1901,1992,1600,3,2,3,135019
741,7611,6,1892,1112,1373,2,2,3,89260
742,8328,6,1905,2021,463,2,3,4,107502
743,5400,8,1912,1200,2141,2,2,3,111977
744,25886,7,1922,1354,1200,1,2,3,108709
745,15129,5,1953,2350,1259,0,2,2,87579
746,2641,9,1929,1297,2044,2,1,1,128462
747,18501,6,1946,1587,1822,2,2,3,121707
748,4564,7,1894,1823,1400,3,2,3,130354
749,12324,9,1999,1628,1421,1,1,1,120470
750,3155,7,1888,1642,1463,1,2,3,100620
751,7669,4,1940,1486,950,1,2,4,67895
752,18573,9,1979,863,1183,0,3,2,120422
753,19098,7,2010,1689,1309,1,1,3,106002
754,11074,6,1965,1148,1001,2,2,4,69186
755,14083,4,1886,1902,632,2,2,6,73418
756,4685,8,1962,2201,939,2,1,3,150973
757,12434,7,1904,612,622,4,2,3,115373
758,14538,7,1996,2201,1085,2,1,4,121168
759,34334,9,1887,1309,273,0,1,3,128469
760,6956,8,1937,1449,1207,1,1,3,97781
761,9577,5,1918,1058,339,3,1,4,69174
762,9878,6,1995,1609,879,2,2,3,107983
763,13471,5,1872,1548,1278,3,1,5,94608
764,14754,8,1958,2053,1405,3,2,4,162991
765,16147,3,1999,1144,1352,3,2,3,65113
766,15568,7,1938,2345,1197,3,2,4,136265
767,4530,8,1875,1847,564,2,3,3,125388
768,2572,8,1918,1560,1488,2,2,3,120240
769,7345,6,1909,1424,574,3,2,4,98151
770,9333,8,1892,1361,1538,2,1,4,119352
771,6991,4,1928,1394,1333,1,2,4,62620
772,7549,8,1988,1599,1654,2,2,4,134085
773,8029,4,1917,1410,1067,2,2,5,58251
774,12679,6,1910,1194,696,3,1,4,92860
775,5665,8,2008,1602,488,2,2,3,131448
776,9137,4,1970,1096,537,2,2,3,61616
777,9172,5,1948,1676,336,3,2,4,84096
778,12536,8,1986,1403,1471,2,2,3,135699
779,16983,8,2005,1863,1526,2,1,3,144612
780,22050,7,1962,2009,1300,2,2,3,142483
781,6542,7,1969,2009,1042,2,1,4,110500
782,3494,7,1991,1674,1963,2,1,4,113313
783,8417,5,1917,1732,1013,1,2,3,81099
784,4292,6,1909,1353,1154,1,1,3,75489
785,37284,5,1971,1853,1035,2,1,4,94213
786,6140,9,1943,1910,908,2,1,3,135501
787,12593,7,1906,731,1334,2,2,3,100268
788,15154,6,1901,1704,778,1,3,3,90401
789,11263,6,1949,2199,748,2,2,3,114199
790,26833,9,1955,1336,1356,2,2,3,171347
791,8585,5,1984,1227,838,2,1,3,79011
792,6257,7,1896,1305,1115,0,2,3,91002
793,6098,7,1959,762,906,2,2,5,81923
794,13822,7,1885,1577,1051,4,2,2,150020
795,8639,2,1973,1529,760,2,1,3,59745
796,6098,8,1954,1613,775,1,1,3,109397
797,11845,9,1981,1722,696,2,2,1,148144
798,13543,7,2002,1116,1428,3,2,3,111617
799,10880,7,1890,1651,1132,1,2,3,122713
800,14895,9,1899,1736,1461,2,2,3,169994
801,9927,7,1942,1270,1508,2,1,3,99738
802,7060,5,1934,1725,854,1,2,4,87782
803,14253,7,1944,1555,1444,3,2,3,144060
804,6087,7,1995,1199,1050,2,1,2,100936
805,5402,6,1990,1656,987,2,1,4,92695
806,16933,8,1992,1369,1608,1,1,2,111227
807,7983,9,1890,1863,1300,1,1,4,145190
808,21848,9,1991,1395,901,2,2,5,139257
809,14579,6,1932,870,1272,2,3,3,89577
810,7685,4,1901,1648,500,1,2,5,65735
811,12114,10,1880,1629,1165,0,2,4,134347
812,33632,8,1935,974,397,1,2,5,116546
813,13851,4,1991,1890,623,4,2,3,103031
814,12706,9,1923,1864,1314,2,1,3,154975
815,7056,8,1960,1080,0,3,2,4,104513
816,23892,7,1924,1185,1850,1,2,3,101640
817,18361,7,1949,1443,1424,3,1,3,113633
818,7088,6,1912,1135,248,1,2,3,68824
819,24324,3,1939,1835,2112,2,2,3,85287
820,10315,6,1879,1589,2233,3,2,3,114065
821,6240,8,1873,968,977,2,1,4,97121
822,7042,1,1976,1103,649,2,2,5,41554
823,14733,6,1996,2108,1798,1,2,2,126152
824,6262,6,1981,2282,905,1,1,5,93278
825,5472,7,1957,1784,1127,2,1,5,122837
826,7628,9,1991,1409,1592,2,2,2,149454
827,8219,6,1998,1295,989,2,1,3,81360
828,6784,6,1887,1789,950,2,2,4,103878
829,7570,8,1933,1552,497,2,2,3,129719
830,15025,6,1984,709,779,0,1,4,61939
831,10799,5,1883,2030,942,1,1,4,82582
832,7340,6,1906,2187,512,4,2,3,128032
833,7670,4,1882,1883,551,1,1,2,68392
834,8894,5,1935,969,1071,2,1,3,70207
835,9153,7,1921,1196,243,1,2,2,95808
836,9172,6,1940,586,670,2,2,3,75640
837,14752,9,1919,2313,1912,2,2,4,179864
838,10483,6,1891,1336,904,1,1,3,70281
839,10638,7,1972,2681,849,2,2,6,121318
840,19388,7,2008,2492,903,2,2,3,146499
841,24279,2,1939,1063,909,2,3,4,56473
842,5133,7,1906,1160,1309,1,2,3,103021
843,4313,5,1936,1748,1279,2,1,6,92505
844,7977,10,1879,637,885,1,2,4,117602
845,14053,4,1916,1295,962,3,2,3,84318
846,11464,6,1958,1245,1634,2,2,5,93203
847,16092,4,1947,2440,392,1,2,3,81209
848,7807,10,1947,1595,1031,2,2,2,166982
849,3571,7,1918,1372,1116,2,1,3,115183
850,4796,7,1886,1199,715,2,2,4,87692
851,12599,3,1976,1962,1006,2,0,3,67911
852,16154,8,1897,1266,655,2,2,3,110669
853,3661,5,1923,1489,1337,2,2,4,83586
854,19232,9,1964,1195,468,1,2,4,117907
855,11984,5,1892,756,1524,2,1,3,72870
856,9171,5,1922,1016,1024,1,2,3,78919
857,6944,3,1909,1264,859,2,2,3,70832
858,21049,6,1891,1383,614,2,2,4,97443
859,14876,7,2003,1405,1510,2,1,4,103331
860,12142,3,1926,1470,770,2,2,3,63516
861,6590,8,1963,1270,543,3,0,3,114877
862,21293,6,1899,2189,1519,2,1,2,113880
863,9645,7,1875,1988,659,2,1,4,108112
864,11032,6,1947,1447,1015,2,1,0,94820
865,9853,6,1938,1642,1417,3,2,2,122280
866,6478,7,1957,1328,1126,0,3,0,103996
867,11146,5,1962,334,1818,2,2,3,69348
868,13460,5,1976,1525,689,2,1,3,85255
869,7617,8,1872,1667,964,1,2,3,135122
870,10679,9,1943,708,998,1,2,4,98504
871,9781,6,1958,1764,1330,2,1,3,98837
872,15012,5,1877,1374,1623,2,3,3,89325
873,8181,7,1932,1683,1089,2,2,5,114473
874,10639,6,1883,1389,996,3,3,3,92455
875,11820,2,1877,2140,404,1,2,3,64026
876,8089,5,1898,1628,1106,0,2,2,75702
877,6287,8,2007,2016,770,2,1,4,135094
878,6820,7,1995,2057,1329,2,2,3,132904
879,11656,2,1977,955,876,2,1,4,46762
880,8445,5,1964,1145,951,1,2,3,77329
881,8389,5,1980,1740,414,2,2,3,86007
882,12850,7,1970,1332,259,2,2,4,84975
883,15816,2,1906,1395,1875,2,2,5,60681
884,17238,4,1955,2158,1114,2,2,2,89372
885,6993,8,1927,1359,1234,2,1,4,123697
886,15069,5,1920,1030,655,2,2,3,93696
887,26944,7,1917,1098,1442,1,2,3,105905
888,10118,5,1984,2606,1362,1,2,3,125876
889,9158,4,2007,1425,703,2,2,3,69346
890,8251,5,1914,832,590,2,1,3,63552
891,5581,8,1995,630,734,2,1,3,95409
892,14474,8,1968,1202,1044,2,3,2,133930
893,9178,8,1961,1416,1130,2,2,3,120271
894,8814,6,1910,1989,1073,3,1,4,97126
895,13396,7,1956,1941,1628,2,2,6,128933
896,14027,5,1933,1511,742,1,3,4,74277
897,7034,6,1977,1287,578,1,1,3,86060
898,7119,9,1978,1684,1057,2,2,3,159667
899,6963,2,1925,640,312,2,3,4,43391
900,27331,4,1997,2505,1363,1,3,5,103089
901,19882,5,1880,1842,1100,2,3,3,95171
902,13528,2,1959,1948,908,1,2,4,58798
903,7874,5,1908,977,883,2,2,5,72716
904,8354,7,1920,2156,1457,2,0,4,116149
905,11393,6,1912,1284,1443,2,1,3,98657
906,28670,9,1888,1038,948,0,2,0,108492
907,10976,8,1959,1495,1317,3,2,3,149131
908,12252,6,1892,1483,1436,2,1,3,98417
909,2655,5,1922,975,1204,1,2,3,62661
910,10805,6,1930,1067,966,1,1,3,72955
911,4732,7,1912,1028,1224,2,2,4,90875
912,7446,5,1910,1033,599,3,1,3,73246
913,9725,7,1882,1320,1088,3,2,3,115294
914,8168,6,2010,820,954,2,2,3,79018
915,6912,7,1948,1169,885,3,1,3,113181
916,6943,6,1998,2037,297,0,3,4,99816
917,8548,6,1917,1926,604,0,2,3,95991
918,8364,9,1916,990,843,3,2,4,108331
919,9596,8,1872,1994,1450,2,1,3,160865
920,9244,4,1979,531,1182,2,2,2,64095
921,18006,8,1890,2729,1470,2,1,4,166139
922,3409,6,1947,2165,1603,3,2,3,126902
923,10737,9,1943,1235,1201,2,2,3,125443
924,9843,8,1980,1706,1118,3,2,3,151422
925,8883,6,1883,814,628,2,2,3,90290
926,6675,2,1916,1545,1931,1,1,3,56305
927,8814,5,1961,1423,433,3,1,4,74629
928,4197,7,1974,1097,1109,1,2,2,84407
929,10534,7,1879,1280,1423,3,1,5,107374
930,11534,5,1962,1231,1429,2,1,3,76557
931,6680,4,1958,949,548,2,2,3,67213
932,25069,8,1955,1085,872,2,1,2,128751
933,8944,10,1953,794,705,1,2,3,131122
934,9711,7,1939,1943,185,2,1,3,106765
935,18526,5,1998,1048,1114,4,3,2,101188
936,27725,5,1953,903,741,3,2,3,84619
937,5417,2,1955,1935,1719,2,2,4,61448
938,7118,9,1984,1699,1327,4,1,2,185278
939,9024,4,1947,1917,1075,3,2,4,81825
940,6552,7,1993,1973,849,2,2,3,133814
941,14502,5,1912,2483,1107,0,2,3,89626
942,6201,7,1873,1436,944,3,2,3,122478
943,17896,7,1900,786,1087,2,2,1,88066
944,12976,8,1976,1650,1893,3,0,4,151498
945,17001,5,1922,1180,588,3,2,3,94221
946,6215,2,1946,1036,982,3,2,3,50738
947,7842,4,1881,1564,1367,2,2,3,76720
948,14883,9,1922,1947,880,2,1,3,155248
949,13593,8,1989,1097,1752,2,2,3,132339
950,8230,7,1992,2152,1355,2,2,4,129633
951,8837,7,1910,1020,740,0,1,3,74985
952,7645,7,1899,1393,1146,2,1,5,102986
953,8719,5,1874,1708,746,2,1,4,82894
954,5862,9,1955,1321,706,3,2,3,137793
955,5390,6,1988,626,995,1,1,3,66316
956,15705,6,1873,1978,1613,2,2,3,126853
957,8572,7,1964,1203,1384,0,2,3,93432
958,16893,3,2002,1887,1047,1,2,3,57975
959,12797,5,1965,882,1400,0,3,5,76705
960,11103,8,1911,968,1175,2,1,3,103538
961,6660,4,1873,1946,542,1,2,3,71534
962,5185,7,1952,1685,993,2,2,3,118130
963,7559,5,1883,1295,1024,1,1,3,62603
964,20435,6,1936,1692,1392,3,1,4,108971
965,14816,5,1926,1037,807,3,2,3,92493
966,7214,6,1916,1570,655,3,3,2,118526
967,7602,8,1972,1579,1036,3,2,3,137387
968,5970,6,1933,1328,773,3,1,4,98020
969,4383,7,1920,1097,914,3,2,3,114472
970,9995,6,1998,1550,1021,2,1,5,100168
971,22507,7,1894,1487,888,1,2,2,95643
972,22648,9,1909,1282,1480,2,2,3,169460
973,12874,8,1899,998,1679,1,2,3,107696
974,7028,5,1892,1521,1436,2,1,3,84461
975,4602,3,1978,1283,277,2,2,3,56809
976,16035,5,1970,997,774,3,1,3,81034
977,11880,7,1990,1536,978,3,2,3,115568
978,8110,3,1944,2319,244,2,2,3,71861
979,7460,7,1993,1331,671,2,1,3,101034
980,12826,7,1901,2263,972,4,2,3,169432
981,6283,6,1979,2572,859,2,2,4,132058
982,10707,8,1969,1038,1060,2,3,3,134315
983,5162,4,1903,1519,449,1,2,3,69103
984,28949,4,1950,2566,854,2,2,3,115601
985,6738,8,1912,1454,1123,1,2,4,111433
986,13137,7,1934,1533,1061,3,1,4,114548
987,5218,7,1894,679,1253,2,2,3,91219
988,8755,6,1975,1249,1227,1,2,3,87531
989,14784,5,1946,1792,877,1,2,4,74876
990,16473,8,1919,2729,1109,2,2,6,168717
991,13914,8,1928,1416,705,3,2,4,135977
992,8865,7,1989,683,938,2,1,6,84555
993,6809,5,1971,812,592,2,1,3,58534
994,5542,7,1995,1497,1525,2,2,4,116667
995,20149,6,1905,2103,936,2,2,3,102030
996,10003,4,1878,1833,1525,2,2,3,86834
997,10972,9,1927,1745,1194,2,2,3,156727
998,17012,4,1936,2169,667,2,1,4,82578
999,12738,9,1918,1154,1167,2,2,5,122726
1000,8913,6,1890,1524,1413,2,2,3,111262
1001,13783,5,1997,1254,1022,3,2,3,92092
1002,6958,7,2010,1379,1089,3,2,3,111459
1003,4374,8,1920,1011,814,2,2,3,114429
1004,19244,8,1984,1343,1067,2,2,3,129483
1005,7254,8,1909,1501,1161,2,2,3,146698
1006,8159,7,1935,1329,802,3,2,5,106056
1007,8527,7,1940,1434,582,2,2,2,95784
1008,7030,8,2007,1717,1623,2,2,0,150961
1009,16476,5,1987,2134,1322,2,2,3,114300
1010,11456,6,1936,2170,816,3,2,3,145569
1011,8161,5,1902,1895,1153,1,2,4,112327
1012,5020,10,2003,885,406,2,2,3,120029
1013,11058,9,1984,1334,187,2,1,3,122778
1014,2789,3,1980,1377,1534,0,3,3,54588
1015,10672,7,1940,1186,1158,1,2,3,95735
1016,18594,9,1991,1686,1036,3,2,3,207768
1017,9811,5,1959,717,1159,3,2,3,74876
1018,17364,7,1938,2361,2476,2,1,3,151320
1019,5138,9,1946,2112,1439,3,1,3,167658
1020,26326,3,1916,1754,597,2,1,1,62786
1021,16443,7,1875,1483,317,2,2,1,121979
1022,12052,6,1978,2129,1520,2,2,3,106424
1023,7043,9,1922,1859,1433,3,2,4,171409
1024,6482,10,1921,2068,1310,2,2,5,186678
1025,9169,9,1877,1485,699,1,2,3,125864
1026,17334,6,1930,2409,1216,3,1,2,126212
1027,4921,8,1996,2098,738,2,1,2,154271
1028,9549,8,1901,1769,1348,1,2,3,107191
1029,13713,6,1993,2142,1489,2,3,3,132256
1030,15119,8,1996,1305,817,2,2,4,126732
1031,13693,3,1908,931,1554,3,2,4,67850
1032,4676,7,1995,1675,1107,2,3,3,115111
1033,16729,5,1972,1486,1273,1,1,3,87623
1034,9824,4,1906,1416,480,2,2,4,75477
1035,5520,4,1958,2123,1159,2,2,3,81310
1036,9385,7,2005,1598,759,1,2,3,94815
1037,3567,6,1889,1646,1265,2,1,5,83544
1038,12685,8,1984,1351,1702,3,2,4,146841
1039,8912,3,1900,1955,1184,0,2,4,62154
1040,5034,6,1948,1865,660,2,1,3,93462
1041,8217,7,1930,1951,1332,2,2,3,148891
1042,6669,8,1997,1266,1233,2,1,2,114971
1043,6886,6,1980,2167,1962,2,2,3,126880
1044,3067,7,1893,2434,1168,2,2,2,133550
1045,4117,9,1939,1936,799,3,2,4,192013
1046,8469,7,1940,1110,1396,2,2,4,89360
1047,7771,5,1920,1113,1000,2,1,3,72242
1048,15460,2,1980,1327,1092,1,1,3,53586
1049,6926,8,1957,1232,648,3,1,1,118696
1050,7299,2,1924,1479,1003,2,1,4,48476
1051,7472,8,1994,1831,1070,2,2,3,140500
1052,8608,7,1958,1659,1000,2,1,4,95501
1053,9944,9,2002,1616,797,2,2,3,156009
1054,7753,8,1913,1394,1183,1,2,3,111021
1055,12640,10,1969,1478,650,3,2,4,164499
1056,30006,6,1980,1913,547,2,2,3,119571
1057,6287,8,1922,509,1369,2,2,3,96036
1058,11556,6,1956,1509,1328,2,3,4,94018
1059,9641,6,1998,1658,481,2,1,3,86400
1060,16035,7,1892,1906,251,2,2,2,134899
1061,10514,8,1915,1009,613,2,2,3,100451
1062,6606,10,2010,983,1000,2,2,2,154310
1063,5305,8,1974,1806,1564,2,2,4,151403
1064,12891,6,1939,562,989,2,2,4,73580
1065,5525,6,2000,2181,718,1,2,4,94044
1066,17169,8,1963,1628,1122,3,2,3,149280
1067,12527,5,1895,2294,1006,2,3,2,109950
1068,9920,4,1996,971,449,2,3,3,75605
1069,4929,6,1982,1296,451,3,2,4,89006
1070,13315,5,1969,334,463,0,1,3,50445
1071,21320,6,2010,1117,2148,3,2,4,143339
1072,7680,5,1888,1423,1435,4,3,4,91216
1073,6555,3,1970,533,795,3,1,3,45982
1074,9072,2,1953,1317,1544,3,2,3,57240
1075,11998,10,1975,521,807,2,3,3,151803
1076,7284,6,1890,1386,1530,1,2,4,86691
1077,14892,6,1956,2088,1092,2,1,3,105171
1078,24696,7,1879,1497,767,2,2,5,101215
1079,11205,5,1899,2344,1356,1,3,3,110909
1080,8075,9,1876,1908,1117,2,2,6,135602
1081,11837,8,1972,2189,1232,2,2,2,147822
1082,17114,4,1989,1132,1151,3,2,2,74349
1083,10289,6,1935,1120,1147,3,1,4,75138
1084,12107,8,1962,1687,1409,3,2,4,143932
1085,13513,9,1988,726,2193,2,1,3,133202
1086,6132,6,1969,1750,1606,3,3,4,115966
1087,11951,7,1882,1353,1153,2,2,4,104856
1088,4856,5,1925,2179,920,2,2,2,96032
1089,6835,10,1918,1854,968,2,1,3,164118
1090,16846,5,2010,2063,504,3,2,4,95022
1091,14684,9,1876,1137,1349,3,1,3,129491
1092,8299,7,1891,2039,610,2,2,3,118649
1093,22291,7,1917,2237,893,0,2,4,100080
1094,4934,7,1883,1495,1351,2,2,3,109641
1095,8574,5,1941,1145,952,0,2,0,78775
1096,10900,5,1888,1154,840,3,1,5,77829
1097,2333,5,1986,2134,530,3,3,3,91817
1098,8779,5,1919,2857,1587,1,2,4,112652
1099,5414,8,1979,1024,690,2,2,4,116786
1100,5476,6,1923,985,799,1,2,2,73475
1101,8291,3,1967,1975,268,2,2,3,66886
1102,3813,10,1941,1138,1048,2,2,3,139676
1103,6342,9,1973,2024,910,2,2,3,154605
1104,3858,9,1946,1747,1137,2,2,3,144144
1105,10106,10,1953,1503,540,1,2,3,150863
1106,10008,5,1963,1735,1380,2,2,3,107978
1107,7980,6,1875,1705,247,1,1,3,81570
1108,15635,8,2006,1425,1016,2,2,3,114561
1109,8192,7,1980,636,1107,0,1,3,92962
1110,9390,5,1919,1604,1082,2,1,3,87551
1111,6039,8,1944,2301,1126,3,2,2,176566
1112,3003,5,1943,710,1404,3,2,3,79364
1113,8834,5,1987,1032,1639,3,1,2,88482
1114,8275,7,1952,1728,988,3,2,3,123061
1115,22337,7,1952,1534,631,1,3,4,116295
1116,13263,7,1984,1720,1303,1,2,1,111736
1117,7727,4,1967,1165,933,2,2,3,72433
1118,10197,8,1943,2096,1613,3,2,3,180207
1119,14951,5,1934,1538,792,4,2,0,114770
1120,12300,4,1909,1863,679,0,1,3,69446
1121,21883,9,1938,1675,1120,2,1,5,135139
1122,6401,9,1940,1602,291,1,1,3,135531
1123,15468,8,1884,1828,851,2,2,6,137366
1124,7689,8,1902,1608,911,2,3,3,136131
1125,10465,7,1985,919,1154,1,2,3,96427
1126,7188,7,1893,2058,618,2,2,3,116979
1127,8848,4,1964,1924,670,2,2,3,77427
1128,10559,6,1938,461,1566,2,1,3,76116
1129,12780,6,1925,1187,1051,0,2,3,86988
1130,9795,5,2009,2036,1437,3,2,3,112261
1131,2740,8,1913,601,818,2,1,3,96478
1132,9141,7,1935,1986,1033,3,1,3,128200
1133,19816,4,1997,1444,1151,2,2,3,75078
1134,9105,5,1892,2185,1825,1,2,3,82848
1135,20096,7,1906,1514,961,1,2,3,111431
1136,8945,4,1901,1153,983,2,2,4,71719
1137,4328,8,1928,1669,1540,1,2,3,125498
1138,7650,7,1918,1499,889,3,1,3,102560
1139,7185,6,1890,1109,1182,2,2,3,103238
1140,8469,7,1985,2624,1501,3,2,4,157849
1141,5252,8,1879,1029,803,2,2,0,114050
1142,9458,6,1897,393,1206,2,3,4,75862
1143,8062,7,1984,2305,1825,2,3,3,137229
1144,18087,7,1942,1223,1462,0,2,3,100477
1145,5187,5,1901,1366,1182,2,2,3,73344
1146,10741,8,2006,1336,958,3,2,3,137374
1147,11667,8,1938,1230,791,2,3,4,124623
1148,13996,7,1936,1131,622,2,1,3,86909
1149,7920,8,1907,1016,1721,1,2,3,100324
1150,10608,8,1896,1547,1635,2,2,3,126909
1151,11335,7,1908,1314,767,4,2,3,115888
1152,4166,8,1872,1880,1205,4,1,3,133815
1153,8064,7,1908,1756,1105,2,2,1,109294
1154,9346,7,2007,1051,1578,3,2,3,118614
1155,9910,7,2004,1569,1225,2,2,3,138161
1156,9849,8,1999,1306,1046,2,2,4,133276
1157,11823,5,1998,1019,818,2,2,2,79387
1158,25030,9,1872,1859,1206,3,3,3,203808
1159,7053,8,1906,1454,903,1,2,3,123497
1160,11494,2,1975,1311,1154,2,2,5,54984
1161,18209,8,1894,1087,1023,2,1,3,113925
1162,3865,4,1880,1001,893,2,1,3,66286
1163,10862,6,1905,2509,628,2,2,5,125044
1164,4100,8,1999,1682,1283,2,2,3,148548
1165,28334,5,1875,969,1075,1,2,5,66464
1166,12333,8,1973,1658,1843,2,1,1,154873
1167,11528,8,1946,2046,602,2,2,3,160452
1168,3723,7,1970,1598,1332,2,2,3,131242
1169,7382,1,1943,2202,1020,2,1,4,51176
1170,7399,5,1874,743,1980,1,2,3,64685
1171,22977,7,1905,519,1298,3,2,5,104823
1172,13679,10,1916,1645,1199,2,2,3,195638
1173,4157,7,1932,1653,1021,1,2,4,105274
1174,12013,5,1954,334,747,2,2,3,64216
1175,4480,7,1994,1203,1194,3,1,3,108758
1176,4206,7,1973,1010,448,3,2,4,109267
1177,11917,8,1887,819,469,2,1,5,93116
1178,13786,4,1937,1009,1502,2,2,3,74720
1179,11949,8,1990,1812,281,1,1,0,115561
1180,24314,7,1995,1006,916,0,3,2,88582
1181,11423,10,1973,1023,595,2,2,3,133491
1182,10343,6,1937,705,879,2,1,1,82088
1183,5172,7,1884,2149,1138,2,2,3,101647
1184,14586,9,1982,1732,1490,2,1,3,161965
1185,4160,4,1905,334,1592,0,2,4,50081
1186,26088,9,1910,1023,652,2,2,2,142288
1187,14683,7,2007,1779,851,0,1,3,102656
1188,38328,3,1991,2155,2840,1,1,3,89532
1189,11541,6,1997,1935,946,2,2,3,100411
1190,15049,7,1926,1337,668,2,1,3,92155
1191,8270,3,1898,549,742,2,2,3,48824
1192,9296,7,1989,1950,949,2,2,4,131449
1193,5615,6,1924,1366,884,0,2,4,89577
1194,4606,7,1910,1549,953,1,2,4,102507
1195,10444,3,1936,1426,1047,2,2,5,61194
1196,9269,8,1884,837,1044,1,3,4,99822
1197,5547,10,1892,1697,636,2,0,4,139310
1198,6061,10,1924,1628,1219,0,1,3,149799
1199,9655,8,1890,1302,1110,2,1,3,110759
1200,5499,4,1928,1750,1275,1,1,3,70424
1201,11354,8,1896,828,302,1,1,3,98834
1202,5585,2,1902,1380,1126,2,2,3,53452
1203,10796,2,1952,1528,183,3,2,3,61415
1204,5343,6,1894,647,979,0,3,4,74974
1205,5355,6,1903,1486,1346,2,1,3,94085
1206,2915,8,1945,1881,1517,2,2,3,166457
1207,8768,7,1881,1363,1204,2,3,6,125806
1208,19654,6,1925,1497,1354,2,2,3,105942
1209,19105,5,1923,1796,925,1,2,3,80493
1210,11171,10,1985,1321,832,3,2,3,161249
1211,3493,6,1885,1366,2241,2,2,4,104402
1212,14486,6,1981,926,1420,2,2,3,84514
1213,10634,5,1924,1507,540,3,1,3,86211
1214,7752,8,1950,1347,293,2,2,3,130267
1215,17374,7,1893,1764,852,2,2,3,117794
1216,12923,5,1901,1796,1581,2,1,3,91965
1217,25331,4,1875,1910,1078,2,2,4,90503
1218,4704,7,1930,1260,78,1,2,4,90084
1219,4891,7,1879,426,978,2,2,4,76605
1220,5321,5,1883,1885,1055,1,1,4,76347
1221,8238,9,1990,1730,0,2,2,3,161495
1222,21017,5,1905,1197,1067,4,2,4,98619
1223,6955,6,1953,1792,611,2,2,3,92041
1224,7030,9,1969,790,249,2,1,3,107316
1225,11704,6,1998,2030,1762,0,2,3,89599
1226,14481,7,1946,1348,591,0,3,2,81854
1227,3104,6,1976,1100,763,3,2,3,101457
1228,15976,5,1920,1204,757,1,1,3,69741
1229,6846,10,1950,1399,1057,2,2,3,167531
1230,9025,6,1964,1508,1834,3,2,4,125802
1231,19306,9,1889,1539,530,3,0,2,143165
1232,8525,5,1967,1300,922,2,2,3,86761
1233,4416,5,1909,1615,1110,2,2,4,87661
1234,4546,3,1958,1519,674,2,2,3,70539
1235,9362,7,1959,1191,914,3,2,4,127961
1236,8037,6,1921,1115,1318,2,1,3,88599
1237,9786,8,1879,1819,724,2,2,5,128881
1238,7772,6,2005,1777,907,0,2,3,91168
1239,17672,10,1940,1543,867,1,2,1,156550
1240,9618,5,1992,1977,1011,2,2,3,93795
1241,3934,8,1935,534,1163,3,1,3,114502
1242,14289,8,2010,1232,1315,3,2,5,131254
1243,24641,8,1992,936,1909,4,2,2,148778
1244,10265,8,1936,2643,0,2,2,3,158470
1245,10671,8,1978,1871,983,2,2,3,150503
1246,6432,7,2008,1475,456,3,2,4,136881
1247,8415,4,1971,1907,887,2,1,3,85884
1248,12215,3,1953,2073,1444,2,1,6,78242
1249,16729,9,1922,2067,1584,2,1,2,182779
1250,11873,7,1954,1975,1604,3,2,2,143384
1251,23577,8,1983,1383,1600,2,1,3,137759
1252,9979,6,1927,1264,980,3,1,4,98843
1253,5421,4,1931,1033,1672,1,2,4,62633
1254,5500,4,1991,1766,1759,2,1,2,82677
1255,17610,7,2009,1435,1118,2,2,2,126452
1256,15718,6,1894,1305,1574,2,2,4,98397
1257,4174,5,1884,1279,1075,2,1,2,80332
1258,8555,7,1972,2240,1677,3,2,2,165695
1259,8711,3,1895,1991,985,2,1,1,75174
1260,6524,7,1979,2430,788,2,2,2,155363
1261,4693,5,1882,1779,564,2,2,3,80688
1262,6452,8,1888,1543,980,2,1,2,136355
1263,5898,6,1896,1502,1094,2,1,3,95099
1264,4749,6,1965,1004,640,2,2,4,88765
1265,14379,2,1892,884,946,3,1,3,54938
1266,10943,4,1955,1768,825,2,1,4,78503
1267,7532,6,1908,1047,583,2,2,2,80101
1268,3373,6,1913,1620,1512,2,2,3,109513
1269,8180,7,1972,2072,1590,2,2,3,119883
1270,12327,6,1919,1182,1510,3,2,4,121752
1271,6574,7,1974,2520,1019,2,2,2,145388
1272,5345,8,1899,1019,1047,3,1,4,124967
1273,8933,8,1912,2010,589,1,2,3,131195
1274,11232,3,1970,1727,1239,1,2,3,66827
1275,3494,6,1918,2112,1131,3,2,5,112281
1276,18695,4,1976,956,2308,2,3,3,78431
1277,5087,5,1995,2668,1535,1,1,3,109641
1278,7689,10,1884,1425,1195,2,1,5,159185
1279,17148,4,1971,1853,1038,2,2,3,88192
1280,10114,7,1902,2237,1497,2,2,2,136183
1281,16433,7,2001,1212,654,2,2,6,105145
1282,20658,7,1887,1927,1558,2,1,3,120859
1283,4578,7,2008,1129,578,2,2,4,92618
1284,14914,1,1944,2213,809,4,2,3,68317
1285,18431,6,1925,1134,248,1,2,4,76634
1286,7872,7,1971,1534,1327,2,3,3,137397
1287,8192,4,1980,1668,1166,3,2,6,75458
1288,3650,6,1958,1907,809,1,1,3,90630
1289,14038,3,2008,2499,648,2,2,1,88263
1290,2674,4,1879,1289,1663,2,2,3,86581
1291,15420,6,1878,2084,998,2,1,3,100483
1292,4676,4,1907,2500,719,2,1,4,76661
1293,19041,7,1889,1597,1902,2,2,4,132138
1294,11581,7,1874,1239,767,2,3,3,107776
1295,15733,8,1899,649,1557,2,2,4,108674
1296,6327,5,1941,2456,550,2,1,3,98716
1297,4877,5,1899,1392,900,1,3,3,83945
1298,3933,4,1925,1014,1278,2,3,3,75928
1299,16393,7,1936,835,1031,3,2,3,109023
1300,13233,7,1971,1013,1164,2,2,2,116308
1301,13470,3,1892,1974,819,2,2,4,72285
1302,10990,9,1884,2043,353,2,3,2,160296
1303,12468,3,1928,1841,1701,3,2,3,88118
1304,8210,7,1920,1581,846,3,2,1,110261
1305,11432,7,1989,892,1184,1,2,4,97080
1306,6189,8,1925,1150,1365,2,2,3,116974
1307,8003,8,2009,961,1192,2,2,3,104749
1308,43508,8,1924,1801,745,2,2,3,150370
1309,9686,6,1915,983,1567,1,3,4,84817
1310,3544,8,1918,1157,1283,3,2,3,112208
1311,7744,4,1924,1423,1144,0,2,4,58489
1312,5598,9,1945,680,1134,2,2,3,138256
1313,10287,7,1917,1538,1797,2,2,4,114449
1314,6089,8,1884,1461,735,1,2,2,113848
1315,8545,6,1973,2107,1239,3,1,3,108732
1316,6562,7,1895,1105,824,3,2,3,125512
1317,10484,7,1873,865,205,2,1,2,84804
1318,6942,8,1952,1327,193,2,1,3,100845
1319,11355,4,1971,965,610,1,2,5,63441
1320,25168,3,2009,1534,767,2,1,5,76481
1321,5333,5,2002,585,2013,1,2,4,69032
1322,13642,5,1982,1212,1364,2,1,3,76929
1323,2786,8,1973,1050,1403,3,1,3,146322
1324,8456,5,1888,1798,776,1,2,3,80299
1325,10651,10,1883,1109,1083,3,2,2,160910
1326,6535,6,1987,646,2071,0,2,5,63689
1327,3886,5,1895,1414,522,3,2,3,84048
1328,9321,8,1900,1674,1257,1,1,6,101912
1329,20437,7,1993,1379,1765,2,2,3,117322
1330,8829,7,1961,1209,1482,1,2,4,85495
1331,12560,7,1936,1179,1849,3,2,0,140080
1332,16688,8,1955,1571,1150,2,3,4,124027
1333,32688,5,1990,1070,1322,1,2,3,69272
1334,5613,10,1887,1350,1105,2,2,3,145245
1335,5910,10,1975,1890,1291,2,2,4,201454
1336,8208,7,1963,864,654,2,3,3,95016
1337,12923,5,1898,1493,1405,3,2,3,93960
1338,2977,7,2005,620,1186,2,1,3,92236
1339,13173,4,2006,1628,1084,2,2,3,79550
1340,10231,3,1904,1025,1825,0,2,3,60314
1341,7274,5,1926,2024,940,2,3,3,97551
1342,11752,6,1878,776,1588,2,2,3,85709
1343,14822,8,1928,1736,1632,2,1,3,163983
1344,15883,8,1997,2125,1433,1,3,3,153332
1345,9570,8,1883,999,632,2,2,3,109473
1346,11182,6,1887,1084,1214,4,1,4,97840
1347,10973,6,1914,1042,1918,2,3,4,82644
1348,17582,6,1988,1272,256,2,2,3,96068
1349,11494,10,2006,1773,974,2,2,3,203818
1350,13116,3,1982,1231,1568,2,3,3,78466
1351,14844,8,1922,954,1006,2,2,4,107512
1352,25294,7,1946,505,1413,2,1,4,90819
1353,7087,6,1879,2315,1677,3,2,3,135712
1354,21416,8,1916,2355,1159,0,2,4,138214
1355,32682,6,1930,1795,1280,2,1,3,115015
1356,7317,8,2003,1109,1097,1,2,1,113683
1357,8524,9,1975,1888,1188,2,2,4,155084
1358,7668,6,1969,1989,1982,2,2,3,121642
1359,13193,5,1950,1387,1028,2,2,3,92117
1360,3745,7,1995,1535,901,1,2,3,129215
1361,7400,9,1875,2130,1515,2,2,5,160056
1362,8285,5,1961,694,686,2,2,3,71035
1363,7930,7,1975,2014,786,2,1,3,113244
1364,7890,7,2008,1360,789,2,2,2,110987
1365,7438,8,1990,958,944,2,2,3,121896
1366,14012,4,2004,999,963,3,2,3,73944
1367,12433,8,1927,1082,1364,2,2,3,102186
1368,22264,9,1967,909,906,2,2,4,141231
1369,14030,5,1946,2400,1382,3,2,3,120683
1370,5487,5,1903,1760,1437,2,1,3,85759
1371,8725,10,1899,2047,769,1,2,3,157360
1372,8274,5,1893,1796,1427,2,1,3,91476
1373,10793,8,1888,1545,1467,2,2,5,122775
1374,16410,7,1930,1552,282,3,2,3,110188
1375,10425,5,1961,1316,1186,4,2,3,89877
1376,10438,8,1977,1357,834,2,1,4,109115
1377,9547,6,1897,810,1630,2,2,4,91840
1378,14247,7,1896,2055,829,2,1,3,105287
1379,7148,6,2009,608,467,2,1,2,81240
1380,4584,7,1916,985,1043,2,2,3,88755
1381,13112,5,1954,2521,662,2,2,2,107661
1382,11460,6,1882,1583,1430,2,1,4,100452
1383,18411,10,1975,1603,701,0,1,3,146512
1384,2821,5,1939,1833,1049,2,2,3,97024
1385,9035,7,1966,744,1737,2,2,3,101312
1386,10020,6,1936,818,1540,3,1,3,90173
1387,4463,8,1920,1292,1267,1,2,2,118949
1388,9097,4,1923,1063,1000,2,2,5,68097
1389,17197,10,1973,1477,1225,2,2,3,167990
1390,26959,6,1928,1757,1360,2,2,2,116995
1391,15525,5,1918,2209,622,2,1,5,89786
1392,8077,4,1897,1920,1431,2,2,3,80756
1393,17850,5,1985,1017,572,2,2,4,73726
1394,14984,7,1876,1327,1308,2,2,2,115590
1395,7456,6,1955,1191,569,2,2,3,80978
1396,7102,8,1923,1006,1920,2,3,3,141270
1397,8732,6,1976,892,1392,2,1,4,80680
1398,5617,5,1925,2347,372,1,1,2,70650
1399,8132,7,1886,1520,1056,2,1,3,109403
1400,12117,7,1932,1402,827,4,3,4,105807
1401,15967,5,1993,1757,775,0,2,3,72206
1402,7860,5,1892,1781,1121,2,2,3,109896
1403,19020,3,1917,2074,648,2,1,2,77376
1404,13148,8,2005,1143,1392,2,2,2,137062
1405,13451,7,1909,1716,1367,1,2,4,101333
1406,6000,6,1933,1059,1211,2,2,4,87155
1407,23457,8,1957,1419,1048,1,2,5,130896
1408,12528,8,1949,1543,1347,1,1,4,122518
1409,8044,7,1917,1592,1405,2,2,3,127930
1410,7364,8,1874,1570,1257,2,2,4,146724
1411,8134,5,1877,1915,479,4,1,2,103560
1412,5709,4,1964,1216,710,0,2,3,52827
1413,15571,5,1879,1605,939,2,1,3,87001
1414,6009,3,1979,1135,407,1,2,2,52663
1415,10981,7,1946,2975,1155,2,2,4,140347
1416,7586,9,1948,1058,1677,4,1,3,167306
1417,13285,3,1921,1164,1607,3,2,3,78237
1418,14219,4,1882,1956,1382,0,2,3,72886
1419,6884,6,1966,1300,1377,2,1,3,94673
1420,9340,9,1941,1956,2031,2,2,2,151195
1421,4616,6,1887,1591,1428,1,1,4,95900
1422,22232,7,1939,1313,1464,1,2,3,114178
1423,16204,3,1970,1138,423,3,1,4,61740
1424,4728,4,1919,1120,1643,3,1,3,67426
1425,6158,10,1935,1318,1232,4,1,3,156214
1426,8880,10,1961,1427,1021,2,1,3,181953
1427,9685,1,1947,1099,912,2,2,4,42385
1428,6741,9,2010,1460,815,2,1,3,136633
1429,5359,7,1972,967,1609,1,2,4,88629
1430,11574,8,1960,1892,1044,1,1,6,99573
1431,22669,6,1889,1988,831,2,1,6,104757
1432,9763,7,1890,1162,717,2,2,4,102779
1433,8210,6,1926,1134,1132,3,3,4,89322
1434,7790,7,1973,1603,898,3,2,3,133892
1435,5490,4,1989,2147,798,3,2,4,87691
1436,6788,2,2005,2258,448,4,1,3,67185
1437,16765,6,1875,813,1479,1,2,5,72845
1438,3373,7,1979,2018,996,2,0,2,121233
1439,9838,5,1986,1484,579,2,1,3,67791
1440,9633,7,1900,1493,937,2,2,3,98724
1441,10079,10,1930,1767,1298,4,2,3,217663
1442,13667,4,1996,1274,1069,3,3,3,86619
1443,9795,7,1969,2063,1141,1,1,3,104264
1444,7570,6,1888,2226,1075,0,3,4,111039
1445,6841,8,1978,2245,495,2,2,3,130180
1446,18182,5,1914,593,1474,2,2,3,73741
1447,15987,7,1951,1400,305,3,1,4,103041
1448,40049,8,1879,547,1260,1,1,3,96918
1449,8254,9,1977,1132,1327,1,3,3,132240
1450,6904,7,1879,334,960,1,2,4,74927
1451,11915,7,1967,1740,1212,0,2,4,100633
1452,11772,7,1965,1624,935,0,3,3,101665
1453,13058,8,1936,1298,1217,3,1,3,140429
1454,14510,7,1910,1119,1493,2,2,3,106066
1455,12995,3,1952,1672,708,2,2,3,71466
1456,16261,9,1955,1009,1353,0,1,2,113875
1457,17379,7,1959,975,1801,2,1,5,106099
1458,17535,7,1957,913,1173,2,2,4,107850
1459,3066,5,1964,1413,835,2,2,3,74603
1460,10670,7,1957,1223,2052,2,2,3,123249
